שם חבר הכנסת	מפלגה	מקום	מועמד חדש/מכהן/חוזר	מקצוע\הכשרה	רמת השכלה	תחום השכלה	מוסד אקדמי	קטגוריית השכלה/הכשרה	נבחר לראשונה	זמן וותק	תפקיד לפני הכנסת	קטגוריה	ווקטור קטגוריה 1	תפקיד לפני הכנסת 2	קטגוריה 2	ווקטור קטגוריה 2	תפקיד פוליטי אחרון	ניסיון מיניסטראלי 	ניסיון מיניסטראלי	ועדות בכנסת	מפלגה אחרונה קודמת אם יש	מגדר	שנת לידה	גיל	שירות צבאי	דרגה	תפקיד\יחידה	קרבי	סיבת פטור	ישיבה\חסידות	עומד לדין/פתחו תיק	מגזר	תת קבוצה זהותית	עיר מגורים	מחוז	נפה	פריפריה גיאוגרפית למס 2020	שפות מלבד עברית	שיוך גושי	טיקט 1	ווקטור טיקט 1	טיקט 2	ווקטור טיקט 2	פאן-פאקט	אינטרסים כלכליים	ויקיפדיה	דף פייסבוק	אתר הכנסת	עמדה לגבי גיוס חרדים	עמדה לגבי חינוך חובה	עמדה לגבי תחב"צ בשבת	מדד האומץ - הפרה של משמעת קואליציונית 	נוכחות בועדות	נוכחות בכנסת	מספר ימים בחו"ל
בנימין נתניהו	הליכוד	1	מכהן	דיפלומט	תואר שני 	מינהל עסקים	"MIT, ארה""ב"	ביטחון ודיפלומטיה	1988	38	שגריר ישראל באו"ם	שירות המדינה					כיום ראש הממשלה		V			ז	1949	77	קבע	סרן	סיירת מטכ"ל	V				חילוני		ירושלים	מחוז ירושלים	נפת ירושלים	9	אנגלית, צרפתית	קואליציה נוכחית	ביטחוני-מדיני		כלכלי		עבד כמנהל השיווק של חברת הרהיטים "רים תעשיות"		קישור	Benjamin Netanyahu - בנימין נתניהו	אתר הכנסת			לא הצביע				
יריב לוין	הליכוד	2	מכהן	עו"ד	תואר ראשון	משפטים	האוניברסיטה העברית	משפט	2009	17	עו"ד בתחום המסחרי־אזרחי	משפט		יו"ר סניף הליכוד במודיעין	פוליטיקה מפלגתית		כיום שר המשפטים		V			ז	1969	57	סדיר	סדיר	חיל המודיעין					חילוני		מודיעין	מחוז מרכז	נפת רמלה	6	אנגלית, צרפתית, ערבית	קואליציה נוכחית	משפט				חיבר מילון למונחים כלכליים עברי־ערבי־אנגלי, אשר יצא לאור בהוצאת קסת.		קישור	https://www.facebook.com/levin.yariv	https://m.knesset.gov.il/mk/Apps/mk/mk-personal-details/826	אל הדגל - מעקב אחר עמדות חברי כנסת בחוק הגיוס		נגד				
אלי כהן	הליכוד	3	מכהן	רו"ח	תואר ראשון	חשבונאות	אוניברסיטת תל אביב	כלכלה ועסקים	2015	11	משנה למנכ"ל חברת הכשרת הישוב	עסקים	שוק חופשי	חבר בסניף הליכוד בחולון	פוליטיקה מפלגתית		כיום שר האנרגיה		V		כולנו - ב-2015 נבחר כחבר כנסת מטעם כולנו בראשות כחלון	ז	1972	54	קבע	רס"ן	חיל האוויר					חילוני		חולון	מחוז תל אביב	נפת תל אביב-יפו	9	אנגלית	קואליציה נוכחית	כלכלי-חברתי		חוץ		שימש מרצה באוניברסיטת תל אביב בתחומי הניהול, המימון והחשבונאות		קישור	https://www.facebook.com/cpa.eli.cohen	https://m.knesset.gov.il/mk/Apps/mk/mk-personal-details/928			לא הצביע				
דוד אמסלם	הליכוד	5	מכהן	עובד מדינה	תואר ראשון	מינהל עסקים, כלכלה	אוניברסיטת בר-אילן	מדיניות ציבורית	2015	11	מנהל באגף התקציבים	שירות המדינה		יו"ר מועצת סניף הליכוד בירושלים	פוליטיקה מפלגתית		כיום שר במשרד המשפטים		V			ז	1960	66	סדיר	רס”ל	חיל השריון	V				מסורתי	מעבר לקו הירוק	מעלה אדומים	מחוז יו״ש	נפת יהודה ושומרון	5	אנגלית	קואליציה נוכחית	כלכלי-חברתי		משפט		זוכה בספיישל ה-VIP של מאסטרשף		קישור	https://www.facebook.com/mkdavidamsalem	https://m.knesset.gov.il/mk/Apps/mk/mk-personal-details/912			לא הצביע				
אמיר אוחנה	הליכוד	6	מכהן	עו"ד	תואר ראשון	משפטים	המכללה למנהל	משפט	2015	11	עו"ד פלילי	משפט		ממייסדי תא "גאווה בליכוד"	פוליטיקה מפלגתית		כיום יו"ר הכנסת		V			ז	1976	50	קבע	רס"ן	משטרה צבאית, שב"כ					חילוני	קהילה גאה	תל אביב	מחוז תל אביב	נפת תל אביב-יפו	10	אנגלית	קואליציה נוכחית	משפט		ביטחון פנים		יה טבעוני במשך תשעה חודשים		קישור	https://www.facebook.com/amirohana	https://m.knesset.gov.il/mk/Apps/mk/mk-personal-details/953			לא הצביע				
יואב קיש	הליכוד	7	מכהן	טייס	תואר שני 	מינהל עסקים	אוניברסיטת INSEAD	ביטחון ודיפלומטיה	2015	11	טייס באל על	אחר		התמודד על משבצת מחוז דן בליכוד	פוליטיקה מפלגתית		כיום שר החינוך		V			ז	1968	58	קבע	סא"ל	חיל האוויר	V				חילוני		הוד השרון	מחוז מרכז	נפת השרון	8	אנגלית	קואליציה נוכחית	חינוך		ביטחוני		שימש נציג הציבור בוועדה לקידום השוויון בנטל, ועדת פלסנר		קישור	https://www.facebook.com/kisch.yoav	https://m.knesset.gov.il/mk/Apps/mk/mk-personal-details/945			לא הצביע				
ניר ברקת	הליכוד	8	מכהן	איש עסקים	תואר ראשון	מדעי המחשב	האוניברסיטה העברית	כלכלה ועסקים	2019	7	ראש עיריית ירושלים (2008-2018)	שלטון מקומי		איש עסקים	עסקים	שוק חופשי	כיום שר הכלכלה		V		קדימה - ב-2006 היה ברקת ראש מטה מפלגת "קדימה" במחוז ירושלים	ז	1959	67	קבע	רס"ן	מ"פ בצנחנים	V				חילוני		ירושלים	מחוז ירושלים	נפת ירושלים	9	אנגלית	קואליציה נוכחית	כלכלי-חברתי		חדשנות		הפוליטיקאי העשיר בישראל, הון מוערך של 1.3 מילארד שקל	מחזיק בBRM פיננסיים	קישור	https://m.knesset.gov.il/mk/Apps/mk/mk-personal-details/974	https://www.facebook.com/nir.barkat			נגד				
מירי (מרים) רגב	הליכוד	9	מכהן	אשת ביטחון	תואר שני 	מינהל עסקים 	הקריה האקדמית אונו	ביטחון ודיפלומטיה	2009	17	דוברת צה"ל	ביטחון					כיום שרת התחבורה		V			נ	1965	61	קבע	תא"ל	דובר צה"ל					חילוני		ראש העין	מחוז מרכז	נפת פתח תקווה	8	אנגלית, ספרדית	קואליציה נוכחית	תחבורה		תרבות		בגיל 17 זכתה לתואר "צברית השנה" של השבועון "מעריב לנוער"		קישור	https://www.facebook.com/miri.regev.il	https://m.knesset.gov.il/mk/Apps/mk/mk-personal-details/831			לא הצביע				
מיקי (מכלוף)  זוהר 	הליכוד	10	מכהן	פעיל פוליטי	תואר שני 	משפטים	אוניברסיטת בר אילן	משפט	2015	11	סגן ראש עיריית קריית גת (2008-2015)	שלטון מקומי		איש נדל"ן	עסקים	שוק חופשי	כיום שר התרבות והספורט		V			ז	1980	46	סדיר	סדיר	חיל רגלים					מסורתי		קריית גת	מחוז דרום	נפת אשקלון	5	אנגלית	קואליציה נוכחית	כלכלי-חברתי		תרבות		בנו, אליאב זכה בעונה התשיעית של הכוכב הבא		קישור	https://www.facebook.com/micki.zohar	https://m.knesset.gov.il/mk/Apps/mk/mk-personal-details/922			לא הצביע				
אבי (אברהם) דיכטר	הליכוד	11	מכהן	איש ביטחון	תואר שני 	מינהל עסקים	אוניברסיטת תל אביב	ביטחון ודיפלומטיה	2006	20	ראש שב"כ	ביטחון					כיום שר החקלאות		V		קדימה - ב-2006 נבחר כחבר כנסת מטעם קדימה בראשות אהוד אולמרט	ז	1952	74	קבע		ראש השב"כ	V				חילוני		אשקלון	מחוז דרום	נפת אשקלון	6	ערבית, אנגלית	קואליציה נוכחית	ביטחוני-מדיני		חקלאות		בילדותו היה חניך בתנועת השומר הצעיר.		קישור	https://www.facebook.com/AviDichter1	https://m.knesset.gov.il/mk/Apps/mk/mk-personal-details/771			נגד				
ישראל כץ	הליכוד	12	מכהן	פעיל פוליטי	תואר ראשון	מדע המדינה, יחסים בינ"ל	האוניברסיטה העברית	מדיניות ציבורית	1998	28	יו"ר התאחדות הסטודנטים (1982-1983)	חברה אזרחית					כיום שר הביטחון		V			ז	1955	71	קבע	סרן	צנחנים	V				מסורתי		כפר אחים	מחוז דרום	נפת אשקלון	6	אנגלית	קואליציה נוכחית	ביטחוני-מדיני		תחבורה		הקים את התנועה החוץ פרלמנטרית צלי"ל - צעירים למען ישראל, שפעלה נגד סרבנות השירות במלחמת לבנון הראשונה		קישור	https://www.facebook.com/katzisraellikud	https://m.knesset.gov.il/mk/Apps/mk/mk-personal-details/69			לא הצביע				
שלמה קרעי	הליכוד	13	מכהן	רו"ח	תואר דוקטור	הנדסת תעשייה וניהול	אוניברסיטת בן גוריון	כלכלה ועסקים	2019	7	מרצה במחלקה לניהול באוניברסיטת בר-אילן	חינוך		נבחר כנציג מחוז הנגב בליכוד	פוליטיקה מפלגתית	דרום הארץ	כיום שר התקשורת		V			ז	1982	44	סדיר	סדיר	נח"ל חרדי	V		ישיבת מרכז הרב		דתי		מושב זמרת	מחוז דרום	נפת באר שבע	3	-	קואליציה נוכחית	תקשורת		דת ומדינה		מגיל 11 למד קרעי בישיבת כסא רחמים ופיתח קשר הדוק עם הרב מאיר מאזוז		קישור	https://www.facebook.com/SHLOMO2016	https://m.knesset.gov.il/mk/Apps/mk/mk-personal-details/1011			נגד				
עמיחי שיקלי	הליכוד	14	מכהן	איש חינוך	תואר שני 	"יחסים בינ""ל"	אוניברסיטת תל אביב	חינוך	2021	5	ראש המדרשה למנהיגות ציונית תבור	חינוך					כיום שר התפוצות		V		ימינה - ב-2021 נבחר כחבר כנסת מטעם ימינה בראשות נפתלי בנט	ז	1981	45	קבע	רס"ן	אגוז	V				מסורתי		חנתון	מחוז צפון	נפת יזרעאל	4	אנגלית,  צרפתית	קואליציה נוכחית	ביטחוני		חברה		חבר קיבוץ חנתון		קישור	https://www.facebook.com/AmichaiChikli	https://m.knesset.gov.il/mk/Apps/mk/mk-personal-details/1070			לא הצביע				
עידית סילמן	הליכוד	15	מכהן	מנהלת בריאות	תואר שני	מינהל עסקים	מכללת פרס	בריאות	2019	7	רכזת השיווק במגזר הדתי-לאומי בכללית	בריאות					כיום שרה להגנת הסביבה		V		ימינה - ב-2021 נבחרה כחברת כנסת מטעם ימינה בראשות נפתלי בנט	נ	1980	46	סדיר	סדיר	חיל חינוך					דתי		רחובות	מחוז מרכז	נפת רחובות	8	אנגלית	קואליציה נוכחית	בריאות		סביבה		זכתה ב"אליפות האולפנות בהתעמלות"		קישור	https://www.facebook.com/silmanidit	https://m.knesset.gov.il/mk/Apps/mk/mk-personal-details/1014			לא הצביע				
דוד ביטן	הליכוד	16	מכהן	עו"ד	תואר ראשון	משפטים	אוניברסיטת תל אביב	משפט	2015	11	סגן ראש עיריית ראשון לציון מטעם הליכוד (2004–2015)	שלטון מקומי		עמד בראש קבוצת הכדורגל הפועל ראשון לציון (2001–2008 )	חברה אזרחית	תרבות וספורט	כיום יו"ר ועדת כלכלה		-	ועדת הכלכלה		ז	1960	66	סדיר	סדיר	חיל רגלים	V				חילוני		ראשון לציון	מחוז מרכז	נפת רחובות	9	אנגלית	קואליציה נוכחית	כלכלי-חברתי		שלטון מקומי		בשנים 2001–2008 עמד בראש קבוצת הכדורגל הפועל ראשון לציון		קישור	https://www.facebook.com/davidbitanofficial	https://m.knesset.gov.il/mk/Apps/mk/mk-personal-details/914			לא הצביע				
יולי אדלשטיין	הליכוד	17	מכהן	איש חינוך	תיכונית	-	-	חינוך	1996	30	מחנך	חינוך		סגן נשיא "הפורום הציוני", ארגון שייצג את מסורבי העלייה שעלו לישראל	חברה אזרחית	ייצוג יוצאי ברה"מ	לשעבר שר הבריאות		V		ישראל בעלייה -ב-1996 נבחר כחבר מטעם ישראל בעלייה בראשות נתן שרנסקי	ז	1958	68	שירות מקוצר	סדיר	שלב ב' - עולים					דתי	יוצאי ברה"מ	הרצליה פיתוח	מחוז תל אביב	נפת השרון	8	רוסית, אנגלית	קואליציה נוכחית	ביטחוני-מדיני		דת ומדינה		היה אסיר ציון בברית המועצות	בת זוגו, אירינה נבזלין, בתו של המיליארדר לאוניד נבזלין, בעלת חברת השדלנות "אימפריווט"	קישור	https://www.facebook.com/YuliEdelstein	https://m.knesset.gov.il/mk/Apps/mk/mk-personal-details/1			לא הצביע				
אליהו רביבו	הליכוד	18	מכהן	פעיל פוליטי	תואר ראשון	חינוך	הקריה האקדמית אונו	חינוך	2022	4	עובד עיריית לוד	שלטון מקומי		נבחר כנציג מחוז השפלה בליכוד	פוליטיקה מפלגתית		-		-			ז	1973	53	אין מידע	אין מידע	אין מידע					דתי		לוד	מחוז מרכז	נפת רמלה	8	-	קואליציה נוכחית	פריפריה		חברה		אחיו הוא ראש העיר לוד		קישור	https://www.facebook.com/EliyahuRevivo/	https://m.knesset.gov.il/mk/Apps/mk/mk-personal-details/1111			נגד				
גלית דיסטל-אטבריאן
	הליכוד	19	מכהן	סופרת	תואר ראשון	פילוסופיה	אוניברסיטת תל אביב	רוח וחברה אזרחית	2021	5	אשת תקשורת	תקשורת					לשעבר שרת ההסברה		V			נ	1971	55	סדיר	סדיר	חיל האוויר					מסורתי	מעבר לקו הירוק	כפר האורנים	מחוז יו״ש	נפת יהודה ושומרון	5	-	קואליציה נוכחית	הסברה		משפט		כתבה ספר המבוסס על מציאות חייה כאם לבן המתמודד עם הפרעות התפתחות ואוטיזם		קישור	https://www.facebook.com/galit.distalatbaryan	https://m.knesset.gov.il/mk/Apps/mk/mk-personal-details/1059			נגד				
ניסים ואטורי	הליכוד	20	מכהן	משפטן, קבלן בניין	תואר ראשון	משפטים	 מכללת שערי משפט	משפט	2020	6	קבלן	עסקים	שוק חופשי		פוליטיקה מפלגתית		-		-			ז	1969	57	סדיר	רס"מ	חיל האוויר					דתי		אלוני הבשן	מחוז צפון	נפת רמת הגולן	1	אנגלית	קואליציה נוכחית	התיישבות		ביטחון		כיהן כראש "נוער הליכוד"		קישור	https://www.facebook.com/LikudV/	https://m.knesset.gov.il/mk/Apps/mk/mk-personal-details/1045			נגד				
שלום דנינו	הליכוד	21	מכהן	איש עסקים	תואר ראשון		אוניברסיטת בן גוריון	כלכלה ועסקים	2022	4	בעל בית האבות "דורות	עסקים	שוק חופשי	נבחר כנציג מחוז הנגב בליכוד	פוליטיקה מפלגתית	דרום הארץ	-		-			ז	1956	70	קבע	רס"ן	חיל האוויר					חילוני		עומר	מחוז דרום	נפת באר שבע	3	אנגלית	קואליציה נוכחית	פריפריה		כלכלי		הילד הראשון שנולד באופקים		קישור	https://www.facebook.com/profile.php?id=100085605262065#	https://m.knesset.gov.il/mk/Apps/mk/mk-personal-details/1101			נגד				
חיים כץ	הליכוד	22	מכהן	טכנאי אלקטרוניקה	-	-	-	מדע והנדסה	1999	27	הקים את סיעת "עוז" בהסתדרות, אשר קיבלה ב-1998 כ-15% מן הקולות.	וועדי עובדים	עבודה מאורגנת				כיום שר התיירות		V		עם אחד  - ב-1999 נבחר כחבר כנסת מטעם עם אחד בראשות עמיר פרץ	ז	1947	79	קבע	רס"ר	חיל האוויר					חילוני		שוהם	מחוז מרכז	נפת פתח תקווה	7	אנגלית	קואליציה נוכחית	כלכלי-חברתי		רווחה		היה מזכיר הארגון הארצי של עובדי התעשייה האווירית, כיום בנו מכהן בתפקיד		קישור	https://www.facebook.com/haim.katz.79/#	https://m.knesset.gov.il/mk/Apps/mk/mk-positions/212			לא הצביע				
טלי גוטליב	הליכוד	23	מכהן	עו"ד	תואר שני	משפטים	 אוניברסיטת בר אילן	משפט	2022	4	עו"ד פלילי, התמודדה בבחירות לראשות לשכת עורכי הדין בישראל 	משפט		נבחרה כאישה חדשה בליכוד	פוליטיקה מפלגתית		-		-			נ	1975	51	סדיר	סדיר	תותחנים	V				חילוני		גבעת שמואל	מחוז מרכז	נפת פתח תקווה	10	אנגלית	קואליציה נוכחית	משפט		ביטחון		גדלה בבית דתי לאומי ויצאה בשאלה, צמחונית		קישור	https://www.facebook.com/tly.gwtlyb#	https://m.knesset.gov.il/mk/Apps/mk/mk-personal-details/1098			נגד				
חנוך דב מילביצקי	הליכוד	24	מכהן	עו"ד	תואר שני	היסטוריה של עם ישראל	אוניברסיטת חיפה	משפט	2022	4	משנה לראש עיריית פתח תקווה (2018-2022)	שלטון מקומי		עורך דין	משפט		כיום יו"ר ועדת כספים		-			ז	1973	53	סדיר	סדיר	דובדבן	V				חילוני		פתח תקווה	מחוז מרכז	נפת פתח תקווה	9	אנגלית	קואליציה נוכחית	משפט		כלכלי		משמש כיועץ המשפטי של תנועת "בני ברוך – קבלה לעם"		קישור	https://www.facebook.com/Hanoch.mil/	https://m.knesset.gov.il/mk/Apps/mk/mk-personal-details/1105			נגד				
בועז ביסמוט	הליכוד	25	מכהן	עיתונאי, דיפלומט	תואר שני	יחסים בינ"ל	סורבון	ביטחון ודיפלומטיה	2022	4	עורך ישראל היום	תקשורת		שגריר ישראל במאוריטניה	שירות המדינה		כיום יו"ר ועדת חוץ וביטחון		-			ז	1964	62	סדיר 	עתודאי	חיל הים					מסורתי		תל אביב	מחוז תל אביב	נפת תל אביב-יפו	10	אנגלית, צרפתית	קואליציה נוכחית	חוץ		תקשורת		ו תלמיד מחונן, השלים את בחינות הבגרות בגיל 15, בתיכון למד בבית הספר טביתא של הכנסייה של סקוטלנד		קישור	https://www.facebook.com/boaz.bismuth	https://m.knesset.gov.il/mk/Apps/mk/mk-personal-details/1095			נגד				
משה סעדה	הליכוד	26	מכהן	עו"ד	תואר ראשון 	משפטים	מכללת שערי משפט	משפט	2022	4	סגן ראש מח"ש	משפט					-		-			ז	1972	54	סדיר	סדיר	חטיבת הנח"ל	V		ישיבת הסדר שעלבים		דתי		מזכרת בתיה	מחוז מרכז	נפת רחובות	6	-	קואליציה נוכחית	משפט		ביטחון פנים		למד בתלמוד תורה חרדי, והיה חניך בתנועת הנוער העובד והלומד. לאחר מכן למד בישיבה תיכונית ובישיבת ההסדר שעלבים		קישור	https://www.facebook.com/profile.php?id=100083730021802#	https://m.knesset.gov.il/mk/Apps/mk/mk-personal-details/1109			נגד				
אליהו (אלי) דלל	הליכוד	27	מכהן	מהנדס מכונות	תואר שני 	מינהל עסקים, מדיניות ציבורית	אוניברסיטת תל אביב	מדע והנדסה	2022	4	חבר מועצה וסגן ראש עיר נתניה (1998-2022)	שלטון מקומי		מנכ"ל בית חרושת וולקן	עסקים	שוק חופשי	כיום יו"ר הוועדה לזכויות הילד		-			ז	1955	71	סדיר	סדיר	חיל האוויר					חילוני		נתניה	מחוז מרכז	נפת השרון	7	-	קואליציה נוכחית	תחבורה		תשתיות		הופיע בעונה השמינית של מאסטר שף (2019)		קישור	https://www.facebook.com/eli.dallal.netanya	https://m.knesset.gov.il/mk/Apps/mk/mk-personal-details/1100			נגד				
גילה גמליאל	הליכוד	28	מכהן	עו"ד	תואר שני 	פילוסופיה, משפטים	אוניברסיטת בן גוריון	משפט	2003	23	יו"ר התאחדות הסטודנטים (1998), אישה ראשונה בתפקיד	חברה אזרחית					כיום שרת המדע והטכנולוגיה		V			נ	1974	52	סדיר	סדיר	חיל האוויר					חילוני		גדרה	מחוז מרכז	נפת רחובות	6	אנגלית, ערבית	קואליציה נוכחית	חברה		חינוך		הייתה חברה במועצת דור ההמשך של המכון הישראלי לדמוקרטיה		קישור	https://www.facebook.com/MK.Gila.Gamliel	https://m.knesset.gov.il/mk/Apps/mk/mk-personal-details/723			נגד				
אופיר כץ	הליכוד	29	מכהן	פעיל פוליטי	תואר ראשון	מדע המדינה		המכללה האקדמית עמק יזרעאל 	מדיניות ציבורית	2019	7	יועץ בלשכת יו"ר האופוזיציה, בנימין נתניהו, בשנת 2009	פוליטיקה מפלגתית					כיום יו"ר הקואליציה		-			ז	1980	46	סדיר	סדיר	אין מידע					חילוני		עפולה	מחוז צפון	נפת יזרעאל	5	אנגלית	קואליציה נוכחית	כלכלי-חברתי		בריאות		החל את פעילותו בליכוד בגיל 16		קישור	https://www.facebook.com/MKOfirKatz	https://m.knesset.gov.il/mk/Apps/mk/mk-personal-details/976			נגד				
מאי גולן	הליכוד	30	מכהן	פעילה חברתית	תיכונית	-	-		2020	6	הקימה את עמותת "העיר העברית", פעילה נגד מאבק המסתננים מאפריקה	חברה אזרחית	משילות ואכיפה				כיום השרה לשוויון חברתי		-			נ	1986	40	לא שירתו בצה"ל - פטור מטעמי דת	לא שירתו בצה"ל			הצהירה כי היא דתייה			מסורתי		תל אביב	מחוז תל אביב	נפת תל אביב-יפו	10	אנגלית	קואליציה נוכחית	ביטחון פנים		חברה		בגיל 19 השתתפה באודישנים לתפקיד מנחה בערוץ הילדים		קישור	https://www.facebook.com/MayGolanOfficial	https://main.knesset.gov.il/mk/Apps/mk/mk-personal-details/1002			לא הצביע				
דן אילוז	הליכוד	31	מכהן	עו"ד	תואר שני 	מדיניות ציבורית	האוניברסיטה העברית	משפט	2023	3	חבר מועצה בירושלים מטעם התעוררות 	שלטון מקומי		עורך דין במשרד הרצוג, פוקס, נאמן ושות'.	עסקים		-		-			ז	1986	40	קבע	סרן	פרקליטות הצבאית			ישיבת הכותל		דתי		ירושלים	מחוז ירושלים	נפת ירושלים	9	אנגלית,  צרפתית	קואליציה נוכחית	כלכלי		חוץ		היה נשיא ארגון "הלל" אוניברסיטת מקגיל בקנדה		קישור	https://www.facebook.com/danillouz	https://m.knesset.gov.il/mk/Apps/mk/mk-personal-details/1116			נגד				
אריאל קלנר	הליכוד	32	מכהן	מנתח מערכות מידע	תואר שני 	מינהל עסקים	אוניברסיטת חיפה	כלכלה ועסקים	2019	7	מהנדס מערכות מידע בחברת פיליפס	עסקים	שוק חופשי				-		-			ז	1980	46	סדיר	סדיר	גולני	V				דתי		חיפה	מחוז חיפה	נפת חיפה	6	אנגלית	קואליציה נוכחית	משפט		חברה		כסטודנט היה ממקימי התא הכתום בטכניון לעצירת תוכנית ההתנתקות[1]. בתקופה זו חתם על עצומה לסירוב שירות צבאי בפינוי ישובים במסגרת תוכנית ההתנתקות ואף היה ממונה על החתמות העצומה באזור חיפה.		קישור	https://www.facebook.com/arielkalner	https://m.knesset.gov.il/mk/Apps/mk/mk-personal-details/987			נגד				
אתי חוה עטיה	הליכוד	33*	מכהן	פעיל פוליטי	תואר שני 	מדיניות ציבורית	 אוניברסיטת בר אילן	מדיניות ציבורית	2019	7	ניהלה את לשכת מזכיר ארגון עובדי התעשייה האווירית הארצי	וועדי עובדים	עבודה מאורגנת	ראש מטה של ח"כ חיים כץ	פוליטיקה מפלגתית		כיום יו"ר הוועדה המיוחדת לעובדים זרים		-			נ	1960	66	אין מידע	אין מידע	אין מידע					חילוני		רמת גן	מחוז תל אביב	נפת תל אביב-יפו	10	אנגלית	קואליציה נוכחית	רווחה		עובדים		עטיה קיבלה מההסתדרות את תואר "יקירת הגמלאים לשנת 2024" בעקבות פועלה למען האזרחים הוותיקים והסיעודיים		קישור	https://www.facebook.com/EttiHavaAtiya/?locale=he_IL	https://m.knesset.gov.il/mk/Apps/mk/mk-personal-details/992			נגד				
עמית הלוי	הליכוד	34*	מכהן	איש חינוך	תואר שני 	מדיניות ציבורית	האוניברסיטה העברית	חינוך, מדיניות ציבורית	2020	6	ייסד את המכללה למדינאות, ועמד בראשה במשך 13 שנים	חברה אזרחית	שוק חופשי, רפורמה משפטית מלאה	ראש מטה של ח"כ מירי רגב כשרת התרבות והספורט	פוליטיקה מפלגתית		-		-			ז	1971	55	סדיר	סדיר	חיל השריון	V		ישיבת מרכז הרב		דתי		ירושלים	מחוז ירושלים	נפת ירושלים	9	-	קואליציה נוכחית	חינוך		משפט		היה שחקן מצטיין בקבוצת הנוער של הפועל חיפה בכדורסל		קישור	https://www.facebook.com/MKAmitHalevi	https://m.knesset.gov.il/mk/Apps/mk/mk-personal-details/1044			נגד				
צגה מלקו	הליכוד	35*	מכהן	איש תקשורת	תואר דוקטור	מדע המדינה	"אוניברסיטת אדם מיצקביץ`, פולין "	מדיניות ציבורית	2023	3	עיתונאית בכאן 11	תקשורת					-		-		כולנו - ב-2015, התמודדה מלקו מטעם כולנו בראשות משה כחלון. מועמדותה נפסלה בעקבות כך שלא פרשה בזמן מעבודתה ברשות השידור	נ	1968	58	אין מידע	אין מידע	אין מידע					חילוני	יוצאי אתיופה	ירושלים	מחוז ירושלים	נפת ירושלים	9	אמהרית	קואליציה נוכחית	שוויון		תקשורת		זכתה במקום ראשון בתחרות ״מלכת המדבר״ באתיופיה בשנת 2001		קישור	https://www.facebook.com/TsegaMelaku	https://m.knesset.gov.il/mk/Apps/mk/mk-personal-details/1122			נגד				
אושר שקלים	הליכוד	36*	מכהן	פעיל פוליטי	תואר שני 	תקשורת	אוניברסיטת בר-אילן	תקשורת	2023	3	נבחר כנציג מחוז תל אביב בליכוד	פוליטיקה מפלגתית					-		-			ז	1974	52	סדיר	סדיר	חיל האוויר					חילוני		חולון	מחוז תל אביב	נפת תל אביב-יפו	9	אנגלית	קואליציה נוכחית	חברה		קהילה		בשנת 1998 סיים קורס מאמני כושר מטעם מכון וינגייט ולאחר מכן, עסק בתחום כמה שנים.		קישור	https://www.facebook.com/oshershkalim	https://m.knesset.gov.il/mk/Apps/mk/mk-personal-details/1123			נגד				
קטי (קטרין) שטרית	הליכוד	37*	מכהן	אשת חינוך	תואר שני 	מדיניות ציבורית	אוניברסיטת בר-אילן	מדיניות ציבורית	2019	7	הייתה מורה כ-30 שנים	חינוך		ראש מטה של ח"כ ניר ברקת	פוליטיקה מפלגתית		-		-			נ	1960	66	סדיר	סדיר	חיל חינוך					חילוני		בית שמש	מחוז ירושלים	נפת ירושלים	6	אנגלית	קואליציה נוכחית	חינוך		חברה		הייתה שותפה להקמת בית-ספר למחול מודרני בכפר סבא.		קישור	https://www.facebook.com/ketishe	https://m.knesset.gov.il/mk/Apps/mk/mk-personal-details/1018			נגד				
משה פסל	הליכוד	38*	מכהן	איש תקשורת	תיכונית	-	-	תקשורת	2023	3	עבד כשדרן ברדיו גלי ישראל וכפרשן בערוץ עכשיו 14	תקשורת		היה ראש סניף הליכוד במועצה אזורית חבל מודיעין ויושב-ראש צעירי הליכוד	פוליטיקה מפלגתית		-		-			ז	1989	37	סדיר	סדיר	תותחנים	V				מסורתי		גבעתיים	מחוז תל אביב	נפת תל אביב-יפו	10	אנגלית	קואליציה נוכחית	צעירים		חקלאות		השתתף בעונה התשיעית של תוכנית המציאות האח הגדול	דודו אלכס פסל הוא מבעלי השליטה בבזן ומכהן שם כדירקטור	קישור	https://www.facebook.com/profile.php?id=100093408806602	https://m.knesset.gov.il/mk/Apps/mk/mk-personal-details/1124			נגד				
ששון גואטה	הליכוד	39*	מכהן	חקלאי	תואר ראשון	חינוך	הקריה האקדמית אונו	חקלאות, חינוך	2023	3	היה חבר הנהלת ארגון מגדלי העופות	וועדי עובדים	עבודה מאורגנת	בעל לול וחקלאי	אחר	חקלאות	-		-			ז	1963	63	אין מידע	אין מידע	אין מידע					חילוני		מושב גורן	מחוז צפון	נפת עכו	2	אנגלית	קואליציה נוכחית	חקלאות		פריפריה		אביו הוא שמעון גואטה, ראש המועצה האזורית מעלה יוסף	בעל לול	קישור	https://www.facebook.com/mksassonguetta/?locale=he_IL	https://m.knesset.gov.il/mk/Apps/mk/mk-personal-details/1125			נגד				
אביחי אברהם בוארון 	הליכוד	41	מכהן	פעיל פוליטי	תואר שני 	משפטים	-	משפט	2023	3	ממייסדי ארגון "לביא" ויו"ר תנועת "מעייני הישועה".	חברה אזרחית	חיזוק הממסד הדתי	בשנת 2014 הקים את מגזין "ילדים". בשנת 2018 רכש את מגזין הילדים "אותיות" ומיזג את שני המגזינים למגזין אחד: אותיות וילדים	עסקים	שוק חופשי	-		-		הבית היהודי - ב-2015 בוארון עזב את "הבית היהודי" שלשה חודשים לאחר שהצטרף אליה 	ז	1973	53	סדיר	סדיר	גולני	V		ישיבת עטרת כהנים		דתי	מעבר לקו הירוק	עמיחי	מחוז יו״ש	נפת יהודה ושומרון	5	אנגלית	קואליציה נוכחית	התיישבות		משפט		היה בין מייסדי ארגון לביא "זכויות האזרח מינהל תקין ועידוד ההתיישבות"	בשנת 2014 הקים את מגזין "ילדים". בשנת 2018 רכש את מגזין הילדים "אותיות" ומיזג את שני המגזינים למגזין אחד: אותיות וילדים	קישור	https://www.facebook.com/avichay.mh/?locale=he_IL	https://m.knesset.gov.il/mk/Apps/mk/mk-personal-details/1126			נגד				
עפיף עבד	הליכוד	40	מכהן	פעיל פוליטי	תיכונית	-	-		2025	1	נבחר כנציג הדרוזים בליכוד	פוליטיקה מפלגתית	ייצוג המגזר הדרוזי				-		-			ז	1968	58	סדיר	סדיר	השתחרר משירותו הצבאי בטרם עת, עקב נסיבות משפחתיות מיוחדות – טיפל באביו, שנותר מרותק למיטתו בעקבות תאונת דרכים קשה		השתחרר משירותו הצבאי בטרם עת, עקב נסיבות משפחתיות מיוחדות – טיפל באביו, שנותר מרותק למיטתו בעקבות תאונת דרכים קשה			דרוזי	המגזר הדרוזי	ירכא	מחוז צפון	נפת עכו	3	ערבית	קואליציה נוכחית	דרוזים		ביטחון		בשנים 1998 עד 2004 היה יו”ר עמותת בני ירכא בכדורסל		קישור	https://www.facebook.com/afef.abed	https://m.knesset.gov.il/mk/Apps/mk/mk-personal-details/1128			נגד				
יאיר לפיד	יש עתיד	1	מכהן	עיתונאי	תיכונית			תקשורת	2013	13	עיתונאי ואיש טלוויזיה	תקשורת					לשעבר ראש הממשלה		V			ז	1963	63	סדיר	סדיר	במחנה					חילוני		תל אביב	מחוז תל אביב	נפת תל אביב-יפו	10	אנגלית, ספרדית	אופוזיציה נוכחית	משפט		מדיני		בעל חגורה שחורה דאן 3 בקראטה		קישור	https://www.facebook.com/YairLapid	https://m.knesset.gov.il/mk/Apps/mk/mk-personal-details/878			בעד				
מאיר כהן	יש עתיד	2	מכהן	איש חינוך	תואר שני 	מדעי היהדות	מכון שכטר	חינוך	2013	13	ראש עיריית דימונה (2003-2013)	שלטון מקומי	דרום הארץ	מורה להיסטוריה ולמחשבת ישראל, מנהל בית ספר תיכון וחטיבת ביניים	חינוך		לשעבר שר הרווחה		V		ישראל ביתנו - ב-2003 נבחר לראשות עיריית דימונה מטעם מפלגת "ישראל ביתנו"	ז	1955	71	סדיר	רס"ל	נח"ל	V				חילוני		מודיעין	מחוז מרכז	נפת רמלה	6	אנגלית	אופוזיציה נוכחית	כלכלי-חברתי		חינוך		נולד במוגדור שבמרוקו		קישור	https://www.facebook.com/meircoh	https://m.knesset.gov.il/mk/Apps/mk/mk-personal-details/874			בעד				
קארין אלהרר	יש עתיד	3	מכהן	עו"ד	תואר שני 	משפטים	"אמריקן יוניברסיטי, ארה""ב"	משפט	2013	13	עו"ד בתחום האזרחי	משפט		ממייסדות התנועה למלחמה בעוני בישראל	חברה אזרחית	כלכלי חברתי - מדיניות רווחת	לשעבר שרת האנרגיה		V			נ	1977	49	לא שירתו בצה"ל - רפואי	לא שירתו בצה"ל			רפואית - מתמודדת עם מחלת ניוון שרירים, ומתניידת באמצעות כיסא גלגלים			חילוני		ראשון לציון	מחוז מרכז	נפת רחובות	9	אנגלית,  צרפתית	אופוזיציה נוכחית	משפט		אנרגיה		חברת המועצה הציבורית של ארגון כל-זכות		קישור	https://www.facebook.com/karine.elharrar	https://m.knesset.gov.il/mk/Apps/mk/mk-personal-details/860			בעד				
מירב כהן	יש עתיד	4	מכהן	פעילה חברתית	תואר שני	מינהל עסקים, תכנון עירוני	האוניברסיטה העברית	כלכלה ועסקים, מדיניות ציבורית	2019	7	חברת מועצה בירושלים (2011-2013)	שלטון מקומי	ירושלים	ייסדה את מטה המאבק בעושק הקשישים	חברה אזרחית	כלכלי חברתי - מדיניות רווחת	לשעבר השרה לשוויון חברתי		V		התנועה - ב-2015 התמודדה מטעם תנועה בראשות ציפי לבני. לא נכנסה לכנסת.	נ	1983	43	סדיר	סדיר	גל"צ					חילוני		ירושלים	מחוז ירושלים	נפת ירושלים	9	אנגלית	אופוזיציה נוכחית	כלכלי-חברתי		קשישים		בתה הראשונה נולדה בבוקר יום הבחירות לכנסת התשע עשרה שבהן הייתה מועמדת לכנסת		קישור	https://www.facebook.com/MeiravCohen2019	https://m.knesset.gov.il/mk/Apps/mk/mk-personal-details/1006			בעד				
אלעזר שטרן	יש עתיד	5	מכהן	איש ביטחון	תואר שני	לימודי ביטחון, מינהל עסקים	"האוניברסיטה לביטחון לאומי, ארה""ב"	ביטחון ודיפלומטיה, כלכלה ועסקים	2013	13	אלוף בצה"ל, ראש אכ"א (2005-2008)	ביטחון		יו"ר הקרן לרווחה לנפגעי השואה בישראל (2010-2012)	חברה אזרחית	כלכלי חברתי - מדיניות רווחת	לשעבר שר המודיעין		V		התנועה - ב-2015 נבחר כחבר כנסת מטעם התנועה בראשות ציפי לבני. 	ז	1956	70	קבע	אלוף	ראש אכ"א	V				דתי		הושעיה	מחוז צפון	נפת יזרעאל	4	אנגלית	אופוזיציה נוכחית	דת ומדינה		ביטחוני		שטרן נמנה עם מייסדי היישוב הדתי הושעיה בגליל, שם הוא גר.		קישור	https://www.facebook.com/SternElazar	https://m.knesset.gov.il/mk/Apps/mk/mk-personal-details/899			בעד				
מיקי לוי	יש עתיד	6	מכהן	ניצב במשטרה	תואר שני 	חינוך	אוניברסיטת חיפה	חינוך	2013	13	מפקד מחוז ירושלים במשטרה	שירות המדינה	משילות ואכיפה	מנכ"ל חברת אגד תעבורה (2008-2013)	עסקים	שוק חופשי	לשעבר יו"ר הכנסת		V			ז	1951	75	קבע	רס"ן	צנחנים	V				חילוני		מבשרת ציון	מחוז ירושלים	נפת ירושלים	6	אנגלית	אופוזיציה נוכחית	ביטחון פנים		חברה		אחיו הצעיר רונן נהרג בתאונת דרכים. כחצי שנה לאחר מכן, ב-13 בנובמבר 1990, נהרג אחיו פיני, בזמן ששירת במילואים, בידי מחבל שחדר מירדן		קישור	https://www.facebook.com/Mickey.Levy.Speaker	https://m.knesset.gov.il/mk/Apps/mk/mk-personal-details/876			בעד				
מירב בן ארי	יש עתיד	7	מכהן	עו"ד	תואר שני	מינהל עסקים	אוניברסיטת רייכמן	משפט	2015	11	חברת מועצה בתל אביב (2013-2015)	שלטון מקומי		יו"ר אגודת הסטודנטים ברייכמן (2003-2004)	חברה אזרחית		מרכזת האופוזיציה 		-		כולנו - ב-2015 נבחרה כחבר כנסת מטעם כולנו בראשות כחלון	נ	1975	51	קבע	סגן	קצינת חינוך, גולני					חילוני		תל אביב	מחוז תל אביב	נפת תל אביב-יפו	10	אנגלית, ספרדית, איטלקית	אופוזיציה נוכחית	ביטחון פנים		חברה		בשנת 2005 זכתה בתוכנית הריאלטי "דרוש מנהיג" ב-5 מיליון ש"ח לתרומה להקמת מרכזים לנוער בסיכון.		קישור	https://www.facebook.com/mkmeravbenari	https://m.knesset.gov.il/mk/Apps/mk/mk-personal-details/915			בעד				
רם בן ברק	יש עתיד	8	מכהן	איש ביטחון	תואר שני	לימודי ביטחון	אוניברסיטת חיפה	ביטחון ודיפלומטיה	2019	7	סגן ראש מוסד	ביטחון							-			ז	1958	68	קבע	סרן	סיירת מטכ"ל	V				חילוני		נהלל	מחוז צפון	נפת יזרעאל	4	אנגלית	אופוזיציה נוכחית	ביטחוני-מדיני		חוץ		אחיינו הוא המוזיקאי והיוצר רועי כפרי		קישור	https://www.facebook.com/rambenbarak/?locale=he_IL	https://m.knesset.gov.il/mk/Apps/mk/mk-personal-details/1022			בעד				
יואב סגלוביץ	יש עתיד	9	מכהן	ניצב במשטרה	תואר ראשון	משפטים	אוניברסיטת תל אביב	משפט	2019	7	ניצב במשטרה - הקים את יחידת המשטרה להב 433 -  היחידה הארצית למלחמה בשחיתות ובפשע המאורגן.	שירות המדינה	מלחמה בשחיתות				לשעבר סגן השר לביטחון פנים		V			ז	1959	67	סדיר	סדיר	צנחנים, קצין מודיעין 					חילוני		קדימה צורן	מחוז מרכז	נפת השרון	6	אנגלית	אופוזיציה נוכחית	שלטון חוק		ביטחון פנים		במסגרת עבודתו במשטרה הוביל את החקירות נגד אהוד אולמרט, הרב הראשי האשכנזי לשעבר יונה מצגר והרב יאשיהו פינטו.		קישור	https://www.facebook.com/YoavSegalovitz	https://m.knesset.gov.il/mk/Apps/mk/mk-personal-details/995			בעד				
בועז טופורובסקי	יש עתיד	10	מכהן	פעיל חברתי	תואר שני 	משפטים	אוניברסיטת תל אביב	משפט	2013	13	יו"ר התאחדות סטודנטים (2008-2010)	חברה אזרחית		יו"ר דירקטוריון חברת "איסתא ליינס"	עסקים	שוק חופשי	יו"ר סיעת יש עתיד		-			ז	1980	46	סדיר	סדיר	חיל האוויר					חילוני		נס ציונה	מחוז מרכז	נפת רחובות	8	אנגלית	אופוזיציה נוכחית	תחבורה		צעירים		סבא רבא שלו הוא יצחק לייב טופורובסקי, ממייסדי ראשון לציון		קישור	https://www.facebook.com/boaztoporovsky	https://m.knesset.gov.il/mk/Apps/mk/mk-personal-details/872			בעד				
מיכל שיר	יש עתיד	11	מכהן	פעילה פוליטית	תואר ראשון	מדע המדינה	אוניברסיטת בר-אילן	מדיניות ציבורית	2019	7	יועצת פוליטית לגדעון סער	פוליטיקה מפלגתית		ב-2009 ייסדה את "המרכז הישראלי להכשרה פוליטית"	חברה אזרחית				-		תקווה חדשה ב-2020 נבחרה כחבר כנסת מטעם תקווה חדשה בראשות סער	נ	1979	47	סדיר	סדיר	הדרכה					חילוני		רמת השרון	מחוז מרכז	נפת השרון	8	אנגלית,  צרפתית, ספרדית, סינית	אופוזיציה נוכחית	חברה		הסברה		הייתה שותפה להקמת ההיאחזות מעלה ישראל בשומרון.		קישור	https://www.facebook.com/MKMichalShir	https://m.knesset.gov.il/mk/Apps/mk/mk-personal-details/1004			בעד				
יוראי להב-הרצנו	יש עתיד	12	מכהן	פעיל פוליטי	תואר שני 	משפטים	אוניברסיטת תל אביב, "אוניברסיטת Northwestern, ארה""ב"	משפט	2019	7	יו"ר צעירי יש עתיד	פוליטיקה מפלגתית							-			ז	1988	38	קבע	סרן			התנדב בצה"ל לאחר שקיבל פטור מסיבות בריאותיות			חילוני	קהילה גאה	הרצליה	מחוז מרכז	נפת השרון	8	אנגלית,  צרפתית	אופוזיציה נוכחית	צעירים		להט"ב		להב הרצנו ובן זוגו היו מהזוגות הראשונים שביצעו את הליך הפונדקאות בישראל מאז פסיקת בג"ץ בנובמבר 2021		קישור	https://www.facebook.com/yorailahav?locale=he_IL	https://m.knesset.gov.il/mk/Apps/mk/mk-personal-details/998			לא הצביע				
ולדימיר בליאק	יש עתיד	13	מכהן	רו"ח	תואר שני 	משפטים	אוניברסיטת בר אילן	כלכלה ועסקים, משפט	2021	5	מנהל משרד רואי חשבון	עסקים	שוק חופשי	ראש מטה יש עתיד במודיעין מכבים רעות	פוליטיקה מפלגתית				-			ז	1973	53	לא שירתו בצה"ל - עלייה בגיל מאוחר	לא שירתו בצה"ל	לא שירת - עולה מבוגר		עלה לאחר גיל גיוס			חילוני	יוצאי ברה"מ	מודיעין	מחוז מרכז	נפת רמלה	6	רוסית, אנגלית	אופוזיציה נוכחית	כלכלי		עסקים		השתייך בצעירותו לסגל נבחרת רוסיה בריצה ל-400 ו-800 מטר וניצח בעשרות תחרויות ריצה ברחבי ברית המועצות.		קישור	https://www.facebook.com/v.beliak	https://m.knesset.gov.il/mk/Apps/mk/mk-personal-details/1049			בעד				
רון כץ	יש עתיד	14	מכהן	עו"ד	תואר ראשון	משפטים		משפט	2021	5	סגן ראש עיריית פתח תקווה (2018-2021)	שלטון מקומי		ראש מטה יש עתיד בפתח תקווה	פוליטיקה מפלגתית				-			ז	1985	41	קבע	סרן	פרקליטות צבאית, עתודאי					חילוני		פתח תקווה	מחוז מרכז	נפת פתח תקווה	9	אנגלית	אופוזיציה נוכחית	חברה		שלטון מקומי		אין מידע		קישור	https://www.facebook.com/YeshAtidPT?locale=el_GR	https://m.knesset.gov.il/mk/Apps/mk/mk-personal-details/1061			בעד				
מטי צרפתי	יש עתיד	15	מכהן	רו"ח	תואר דוקטור	גנטיקה	האוניברסיטה העברית	מדע והנדסה	2022	4	ראש מועצה אזורית יואב (2011-2022)	שלטון מקומי		עבדה באגף מחקר ופיתוח כחוקרת ומפתחת זנים ובאגף השיווק כמנהלת מוצר בחברת הזרע ג'נטיקס.	עסקים				-			נ	1964	62	סדיר	סדיר	חיל האוויר					חילוני		סגולה	מחוז מרכז	נפת פתח תקווה	5	אנגלית	אופוזיציה נוכחית	חקלאות		פריפריה		אין מידע		קישור	https://www.facebook.com/matti.sarfatti	https://m.knesset.gov.il/mk/Apps/mk/mk-personal-details/1091			בעד				
טטיאנה מזרסקי	יש עתיד	16	מכהן	עו"ד	תואר שני 	היסטוריה של עם ישראל	אוניברסיטת חיפה	משפט	2021	5	סגנית ראש עיריית כרמיאל (2018-2021)	שלטון מקומי	צפון הארץ						-			נ	1976	50	אין מידע	אין מידע	אין מידע		עלתה לאחר גיל גיוס?			חילוני	יוצאי ברה"מ	כרמיאל	מחוז צפון	נפת עכו	4	רוסית, אנגלית	אופוזיציה נוכחית	בריאות		עלייה		בשנת 1993, בעודה בת 17, עלתה לישראל לבדה במסגרת עליית הנוער.		קישור	https://www.facebook.com/TMazarsky	https://m.knesset.gov.il/mk/Apps/mk/mk-personal-details/1076			בעד				
יסמין סאקס פרידמן	יש עתיד	17	מכהן	פעיל חברתי	תואר ראשון	מדיניות ציבורית	האוניברסיטה  הפתוחה	מדיניות ציבורית	2021	5	חברת מועצה בבאר שבע (2013-2021)	שלטון מקומי	דרום הארץ						-			נ	1973	53	סדיר	סדיר	חיל תקשוב					חילוני		באר שבע	מחוז דרום	נפת באר שבע	5	-	אופוזיציה נוכחית	חברה		בעלי חיים		מנהלת אורח חיים טבעוני		קישור	https://www.facebook.com/Yasmin.Sacks.Fridman	https://m.knesset.gov.il/mk/Apps/mk/mk-personal-details/1079			בעד				
דבורה ביטון	יש עתיד	18	מכהן	עו"ד	תואר שני	משפטים	הקריה האקדמית אונו	משפט	2022	4	ראש מטה יש עתיד בשדרות	פוליטיקה מפלגתית	דרום הארץ	הקימה חברת כוח אדם, העסיקה כ-500 עובדים, ושימשה בה מנכ"לית	עסקים	שוק חופשי			-			נ	1965	61	סדיר	סדיר	חיל הרפואה					חילוני		שדרות	מחוז דרום	נפת אשקלון	4	מרוקנית, אנגלית	אופוזיציה נוכחית	רווחה		פריפריה		עבדה כאשת מכירות במי עדן.		קישור	https://www.facebook.com/MKDebbieBiton/	https://m.knesset.gov.il/mk/Apps/mk/mk-personal-details/1094			בעד				
משה טור-פז	יש עתיד	19	מכהן	איש חינוך	תואר שני 	היסטוריה של עם ישראל	האוניברסיטה העברית	חינוך	2021	5	ראש מנהל חינוך ירושלים	חינוך		מנכ"ל רשת החינוך של תנועת הקיבוץ הדתי	חינוך				-			ז	1972	54	קבע	סא"ל	צנחנים	V		ישיבת הסדר הר עציון		דתי	מעבר לקו הירוק	כפר עציון	מחוז יו״ש	מחוז יו״ש	4	אנגלית	אופוזיציה נוכחית	חינוך		ביטחון		נולד בארה"ב בעת שהוריו היו בשליחות		קישור	https://www.facebook.com/MosheTurpaz	https://m.knesset.gov.il/mk/Apps/mk/mk-personal-details/1050			בעד				
סימון דוידסון	יש עתיד	20	מכהן	מורה ומאמן ספורט	תואר ראשון	חינוך	המכללה האקדמית בווינגייט	חינוך	2021	5	מאמן נבחרת ישראל בשחייה	שירות המדינה	תרבות וספורט						-			ז	1970	56	סדיר	סדיר	חיל האוויר					חילוני	יוצאי ברה"מ	נתניה	מחוז מרכז	נפת השרון	7	רוסית, אנגלית	אופוזיציה נוכחית	ספורט		צעירים		כשחיין הוא זכה במדליות רבות באליפויות ישראל לנוער		קישור	https://www.facebook.com/MKSimonDavidson	https://m.knesset.gov.il/mk/Apps/mk/mk-personal-details/1085			בעד				
נאור שירי	יש עתיד	21	מכהן	פעיל פוליטי	תואר ראשון		אוניברסיטת בן גוריון	מדיניות ציבורית	2022	4	סגן ראש עיריית הוד השרון (2018-2022)	שלטון מקומי		יועץ של ח"כ בועז טופורובסקי	פוליטיקה מפלגתית				-			ז	1985	41	סדיר	סדיר	חיל הים	V				חילוני		הוד השרון	מחוז מרכז	נפת השרון	8	אנגלית	אופוזיציה נוכחית	כלכלי		חברה		אין מידע		קישור	https://www.facebook.com/mkNaorShiri	https://main.knesset.gov.il/mk/Apps/mk/mk-personal-details/1112			בעד				
שלי מירון	יש עתיד	22	מכהן	?	תואר ראשון	תקשורת, מדע המדינה	אוניברסיטת תל אביב	מדיניות ציבורית	2023	3	מנהלת פיתוח עסקי ומנהלת פרויקטים בחברת הייטק בדרום מזרח אסיה.	עסקים	שוק חופשי	מנהלת מרחב מרכז של יש עתיד	פוליטיקה מפלגתית				-			נ	1979	47	קבע	סרן	חיל האוויר					חילוני		תל אביב	מחוז תל אביב	נפת תל אביב-יפו	10	אנגלית	אופוזיציה נוכחית	נשים		כלכלי		בוגרת בית הספר "רובין" למחול ולמוזיקה במגמת ריקוד.		קישור	https://www.facebook.com/shelly.tal.meron	https://m.knesset.gov.il/mk/Apps/mk/mk-personal-details/1118			בעד				
ירון לוי	יש עתיד	23	מכהן	מדריך ג'ודו	-	-	-	חינוך	2022	4	סגן ראש עיר בת ים (2018-2022)	שלטון מקומי							-			ז	1981	45	סדיר	סדיר	ספורטאי מצטיין		ספורטאי מצטיין			חילוני		בת ים	מחוז תל אביב	נפת תל אביב-יפו	9	-	אופוזיציה נוכחית	ספורט		רווחה		בצעירותו זכה באליפות ישראל בג'ודו		קישור	https://www.facebook.com/yaronlevi.by#	https://m.knesset.gov.il/mk/Apps/mk/mk-personal-details/1127			בעד				
עדי עזוז	יש עתיד	24	מכהן	עו"ד	תואר שני 	משפטים	האוניברסיטה העברית	משפט	2025	1	מנכ"לית עמותת "החצר הנשית", המפעילה בתים חמים לנערות וצעירות בסיכון (2021-2025)	חברה אזרחית	שוויון אזרחי - נשים						-			נ	1986	40	סדיר	סדיר	משרד הביטחון					חילוני		תל אביב	מחוז תל אביב	נפת תל אביב-יפו	10	אנגלית	אופוזיציה נוכחית	חברה		קהילה		שירתה כחיילת בודדה		קישור	https://www.facebook.com/adi.azuz.9	https://m.knesset.gov.il/mk/Apps/mk/mk-personal-details/1130			בעד				
אריה דרעי	ש"ס	1	מכהן	פעיל פוליטי	-	-	-		1992	34	מזכיר מועצת חכמי התורה (1984)	דת	חיזוק הממסד הדתי	מנכ"ל משרד הפנים (1986-1988)	שירות המדינה		לשעבר שר הפנים	"משרד הנגב, הגליל והחוסן הלאומי", משרד הכלכלה והתעשייה, משרד הבריאות	V			ז	1959	67	שירות מקוצר	שירות מקוצר	משגיח כשרות			ישיבת חברון כנסת ישראל, ישיבת פורת יוסף	בשנת 1999 הורשע בלקיחת שוחד ובמרמה והפרת אמונים, נידון לשלוש שנות מאסר והוטל עליו קלון.	חרדי		ירושלים	מחוז ירושלים	נפת ירושלים	9	מרוקנית,  צרפתית	קואליציה נוכחית	כלכלי-חברתי		דת ומדינה		היה לשר הצעיר בתולדות ישראל, בגיל 29		קישור	https://www.facebook.com/DeryArye	https://m.knesset.gov.il/mk/Apps/mk/mk-personal-details/41							
יעקב מרגי	ש"ס	2	מכהן	חשבונאות ומסים					2003	23	מנכ"ל משרד הפנים (2001-2012)	שירות המדינה		יו"ר המועצה הדתית בבאר שבע (1993–2003)	דת	חיזוק הממסד הדתי	לשעבר שר הרווחה	משרד הרווחה והביטחון החברתי, המשרד לשירותי דת	V			ז	1960	66	סדיר	סדיר	קשר					חרדי		שדה צבי				מרוקנית	קואליציה נוכחית	רווחה		חברה		עלה ארצה בשנת 1962 במסגרת מבצע יכין		קישור	-	https://m.knesset.gov.il/mk/Apps/mk/mk-personal-details/751							
יואב בן צור	ש"ס	3	מכהן	עובד מדינה	תואר שני 	מדיניות ציבורית , מינהל עסקים	הקריה האקדמית אונו	מדיניות ציבורית	2014	12	מנכ"ל רשת מעיין החינוך התורני (2007-2013)	חינוך	חינוך מגזרי ואוטונומיה	מנכ"ל החברה הממשלתית "המשקם" (1997-2007)	שירות המדינה		לשעבר שר העבודה	משרד הרווחה והביטחון החברתי	V			ז	1958	68	קבע	סרן	קצין חינוך, נח"ל			ישיבת אור ישראל		חרדי		ירושלים	מחוז ירושלים	נפת ירושלים	9	-	קואליציה נוכחית	עבודה		רווחה		בן דודו של בן צור מדרגה שנייה הוא חבר הכנסת לשעבר, שכיהן כראש עיריית אילת, מאיר יצחק הלוי		קישור	https://www.facebook.com/yobentzur	https://m.knesset.gov.il/mk/Apps/mk/mk-personal-details/906							
מיכאל מלכיאלי	ש"ס	4	מכהן	ר"מ בישיבה
	תואר שני 	מדיניות ציבורית	האוניברסיטה העברית	מדיניות ציבורית, הכשרה רבנית	2016	10	חבר מועצה בירושלים (2013-2016)	שלטון מקומי		רב מלמד בישיבת תפארת צבי	חינוך		לשעבר השר לשירותי דת		V			ז	1982	44	לא שירתו בצה"ל - פטור מטעמי דת	לא שירתו בצה"ל			תלמיד ישיבה	ישיבת חברון בגבעת מרדכי		חרדי		ירושלים	מחוז ירושלים	נפת ירושלים	9	-	קואליציה נוכחית	דת ומדינה		חברה		חיבר ספרים בפלפול והלכה, ובהם הספר "תורת השולחן" אשר זכה להסכמתו של הראשון לציון הרב עובדיה יוסף.		קישור	https://www.facebook.com/p/%D7%9E%D7%99%D7%9B%D7%90%D7%9C-%D7%9E%D7%9C%D7%9B%D7%99%D7%90%D7%9C%D7%99-Michael-Malkieli-100063790843788/	https://m.knesset.gov.il/mk/Apps/mk/mk-personal-details/957							
חיים ביטון	ש"ס	5	מכהן	פעיל פוליטי	תואר ראשון	משפטים		משפט	2021	5	מנכ"ל רשת החינוך בני יוסף (2015-2021)	חינוך	חינוך מגזרי ואוטונומיה	חבר מועצה מגדל העמק	שלטון מקומי		לשעבר שר במשרד החינוך		V			ז	1978	48	לא שירתו בצה"ל - פטור מטעמי דת	לא שירתו בצה"ל			תלמיד ישיבה	ישיבת עטרת ישראל		חרדי		גבעת זאב	מחוז ירושלים	נפת ירושלים		-	קואליציה נוכחית	חינוך		חברה		-		קישור	-	https://m.knesset.gov.il/mk/Apps/mk/mk-personal-details/1055							
משה ארבל	ש"ס	6	מכהן	עו"ד	תואר שני 	משפטים	הקריה האקדמית אונו	משפט	2019	7	היועץ המשפטי של מפלגת ש"ס	משפט		מנכ"ל מכון כתר שלום המנהל כולל אברכים	חברה אזרחית	דת ומדינה	לשעבר שר הפנים והבריאות		V			ז	1983	43	סדיר	סדיר	פיקוד העורף			ישיבת נחלת דוד		חרדי		פתח תקווה				אנגלית	קואליציה נוכחית	פנים		בריאות		בהיותו כבן 16, כתב חיבור הלכתי בשם "וישמע משה", וכעבור כשנה, חוברת הלכתית "וחי בהם" על דיני פיקוח נפש		קישור	-	https://m.knesset.gov.il/mk/Apps/mk/mk-personal-details/1008							
ינון אזולאי	ש"ס	7	מכהן	פעיל פוליטי	-	-	-		2018	8	יועצו של יו"ר ש"ס אריה דרעי	פוליטיקה מפלגתית		חובש, והיה ראש סניף איחוד הצלה לכיש	בריאות		יו"ר סיעת ש"ס		-			ז	1979	47	לא שירתו בצה"ל - פטור מטעמי דת	לא שירתו בצה"ל			תלמיד ישיבה			חרדי		אשדוד				-	קואליציה נוכחית	כלכלי		חברה		נכנס לכנסת כאשר אביו, דוד אזולאי, פרש מהכנסת לאור מצבו הבריאותי		קישור		https://m.knesset.gov.il/mk/Apps/mk/mk-personal-details/970							
משה אבוטבול	ש"ס	8	מכהן	מחנך				חינוך	2019	7	ראש העיר בית שמש (2008-2018)	שלטון מקומי		הקים בית מדרש בשם "ממזרח שמש" שמטרתו הפצת ערכי היהדות בבית שמש ופעילות חינוך וחסד	דת	חיזוק הממסד הדתי	לשעבר סגן שר החקלאות		-			ז	1965	61	סדיר	סדיר	רבנות צבאית		שירות לאומי	ישיבת איתרי		חרדי		בית שמש				אנגלית, ערבית	קואליציה נוכחית	פריפריה		שלטון מקומי		שיחק בכמה סרטי קולנוע חרדי של חברת "גל דיסק", ביניהן "גלגל חוזר", "בן ערובה", "משחק כפול" ועוד		קישור	https://www.facebook.com/MAbutbul	https://he.wikipedia.org/wiki/%D7%9E%D7%A9%D7%94_%D7%90%D7%91%D7%95%D7%98%D7%91%D7%95%D7%9C#%D7%A7%D7%99%D7%A9%D7%95%D7%A8%D7%99%D7%9D_%D7%97%D7%99%D7%A6%D7%95%D7%A0%D7%99%D7%99%D7%9D							
אוריאל בוסו	ש"ס	9	מכהן	פעיל פוליטי	תואר ראשון	משפטים	הקריה האקדמית אונו	משפט	2020	6	סגן ראש העיר פתח תקווה (2006-2020)	שלטון מקומי		ניהל בית ספר תיכון, פנימיה ורשת צהרונים	חינוך		לשעבר שר הבריאות		V			ז	1973	53	קבע	סגן	אין מידע			ישיבת מעלות התורה		חרדי		בני ברק				-	קואליציה נוכחית	בריאות		פריפריה		לקראת הבחירות לראשות עיריית בני ברק ב-2024, העביר את כתובתו לבני ברק		קישור	https://www.facebook.com/oorielb	https://m.knesset.gov.il/mk/Apps/mk/mk-personal-details/1039							
יוסי טייב	ש"ס	10	מכהן	פעיל פוליטי				הכשרה רבנית	2020	6	סגן ראש מועצת קריית יערים מטעם ש"ס	שלטון מקומי		ניהל בישראל מיזמים לעולי צרפת בעמותת שלבים (2008-2020)	חברה אזרחית	ייצוג עולי צרפת			-			ז	1981	45	סדיר	סדיר	גבעתי	V		ישיבת מיר		חרדי		קריית יערים				אנגלית, צרפתית	קואליציה נוכחית	עלייה		חברה		עלה בגיל 15 מצרפת		קישור	https://www.facebook.com/YossiTaiebKnesset	https://m.knesset.gov.il/mk/Apps/mk/mk-personal-details/1043							
יונתן מישרקי	ש"ס	11	מכהן	פעיל פוליטי	תואר ראשון	משפטים		משפט	2023	3	יועצו של יו"ר ש"ס אריה דרעי	פוליטיקה מפלגתית							-			ז	1984	42	לא שירתו בצה"ל - פטור מטעמי דת	לא שירתו בצה"ל			תלמיד ישיבה	ישיבת מיר		חרדי		ירושלים				אנגלית	קואליציה נוכחית	בריאות		חברה		בנה של הרבנית מרים משריקי		קישור		https://main.knesset.gov.il/mk/Apps/mk/mk-personal-details/1115							
גדעון סער	תקווה חדשה	1	מכהן	עו"ד	תואר ראשון	משפטים, מדע המדינה	אוניברסיטת תל אביב	משפט	2003	23	מזכיר הממשלה ה-27	פוליטיקה מפלגתית		פרקליט בפרקליטות מחוז תל אביב (אזרחי)	משפט		שר החוץ	משרד החינוך, משרד הפנים	V			ז	1966	60	סדיר	סדיר	גולני	V				חילוני		תל אביב				אנגלית	קואליציה נוכחית	משפט		חוץ		ביתו היא השחקנית אלונה סער		קישור	https://www.facebook.com/GideonSaarIL	https://m.knesset.gov.il/mk/Apps/mk/mk-personal-details/725							
זאב אלקין	תקווה חדשה	2	מכהן	היסטוריון מרצה להיסטוריה	תואר שני 	היסטוריה של עם ישראל	האוניברסיטה העברית	רוח וחברה אזרחית	2006	20	יועץ למנכ"ל הסוכנות היהודית לענייני יהדות רוסיה	שירות המדינה	ייצוג יוצאי ברה"מ	ממקימי מרכז צ'ייס ללימוד מדעי היהדות ברוסית	חינוך		שר במשרד האוצר	משרד הבינוי והשיכון, משרד ירושלים ומסורת ישראל, משרד העלייה והקליטה, המשרד להגנת הסביבה	V			ז	1971	55	סדיר	סדיר	אין מידע			ישיבת ההסדר הר עציון		חילוני	יוצאי ברה"מ	ירושלים				אנגלית, רוסית	קואליציה נוכחית	כלכלי		מדיני		למד עברית בכוחות עצמו דרך קלטות של שלמה ארצי ושל עפרה חזה		קישור	https://www.facebook.com/Elkin.Zeev	https://m.knesset.gov.il/mk/Apps/mk/mk-personal-details/768							
שרן השכל	תקווה חדשה	3	מכהן	אחות וטרינרית	תואר ראשון	"יחסים בינ""ל", מדע המדינה	האוניברסיטה  הפתוחה	אחר	2015	11	עבדה כמנהלת שיווק	עסקים	שוק חופשי	עבדה בבית החולים לחיות "Bondi Vet" באוסטרליה	אחר	סביבה ובע"ח	סגנית שר החוץ		-			נ	1984	42	סדיר	סדיר	מג"ב					חילוני		כפר סבא				אנגלית	קואליציה נוכחית	חברה		סביבה		בשנת 2014 זכתה באליפות ישראל בדיבייט לדוברים בשנתם הראשונה ואף השתתפה בתחרויות דיבייט באירופה		קישור	https://www.facebook.com/sharren1	https://m.knesset.gov.il/mk/Apps/mk/mk-personal-details/950							
מישל בוסקילה	תקווה חדשה	4	מכהן	יזם ופרויקטור	תיכונית				2022	4	חבר מועצת העיר אשקלון (2008-2022)	שלטון מקומי		עסק בתחומי הנדל"ן למגורים, המלונאות, הנופש והמסחר	עסקים	שוק חופשי						ז	1966	60	סדיר	סדיר	אין מידע	V				דתי		אשקלון				-	קואליציה נוכחית					למישל בוסקילה שנים עשר אחים. שניים מהם - מקסים ואיציק נהרגו בעת שירותם הצבאי.		קישור	https://www.facebook.com/%D7%9E%D7%99%D7%A9%D7%9C-%D7%91%D7%95%D7%A1%D7%A7%D7%99%D7%9C%D7%94-100026677898484/	https://m.knesset.gov.il/mk/Apps/mk/mk-personal-details/1088							
בני גנץ	המחנה הממלכתי	1	מכהן	איש ביטחון	תואר שני 	מדע המדינה, "יחסים בינ""ל וביטחון"	אוניברסיטת חיפה	מדיניות ציבורית, ביטחון ודיפלומטיה	2019	7	הרמטכ"ל ה-20 של צה"ל	ביטחון		יו"ר יד בן גוריון	חברה אזרחית		לשעבר שר בקבינט המלחמה	משרד הביטחון, משרד המשפטים	V			ז	1959	67	קבע	רב-אלוף	צנחנים	V		אור עציון		חילוני		ראש העין				אנגלית	אופוזיציה נוכחית	ביטחוני-מדיני		משפט		היה שכנו של ישראל כ"ץ בכפר אחים		קישור	https://www.facebook.com/BeGantz	https://main.knesset.gov.il/mk/Apps/mk/mk-personal-details/988							
פנינה תמנו	המחנה הממלכתי	2	מכהן	עו"ד	תואר שני 	מדיניות ציבורית	אוניברסיטת תל אביב	מדיניות ציבורית, משפט	2013	13	שימשה ככתבת המשפטים של הערוץ הראשון (2008-2012)	תקשורת		פעילה חברתית בקהילת יוצאי אתיופה	חברה אזרחית	ייצוג יוצאי אתיופה	לשעבר שרת העלייה והקליטה	משרד העלייה והקליטה	V		יש עתיד - ב-2019 נבחרה כחברת כנסת מטעם מפלגת יש עתיד בראשות יאיר לפיד	נ	1981	45	סדיר	סדיר	פיקוד העורף					דתי	יוצאי ברה"מ	פתח תקווה				אמהרית, אנגלית	אופוזיציה נוכחית	שוויון		עלייה		בשנת 1984 עלתה לישראל במבצע משה, שכלל מסע רגלי מפרך דרך מדבריות סודאן, והמתנה במחנות הפליטים בסודאן.		קישור	https://www.facebook.com/PninaTamano?fref=ts	https://m.knesset.gov.il/mk/Apps/mk/mk-personal-details/905							
חילי טרופר	המחנה הממלכתי	3	מכהן	איש חינוך	תואר שני 	היסטוריה של עם ישראל, חינוך	הקריה האקדמית אונו	חינוך	2019	7	מנהל בית הספר ברנקו וייס רמלה	חינוך		סמנכ"ל חינוך של עמותת אחריי	חברה אזרחית	חינוך	לשעבר שר התרבות והספורט	משרד התרבות והספורט	V			ז	1978	48	סדיר	סדיר	יחידת דובדן	V				דתי		נס הרים				אנגלית	אופוזיציה נוכחית	תרבות		חברה		בפברואר 2020 תרם כליה		קישור	https://www.facebook.com/Chili.Tropper	https://m.knesset.gov.il/mk/Apps/mk/mk-personal-details/1000							
מיכאל ביטון	המחנה הממלכתי	4	מכהן	פעיל פוליטי	תואר שני 	מנהל ציבורי	האוניברסיטה העברית	מדיניות ציבורית	2019	7	ראש המועצה המקומית ירוחם (2010-2018)	שלטון מקומי		פעיל חברתי בירוחם ובנגב	חברה אזרחית	דרום הארץ	לשעבר לשוויון חברתי	המשרד לשוויון חברתי וקידום מעמד האישה	V		העבודה - ב-2012 נבחר לראשות מועצת ירוחם מטעם מפלגת העבודה	ז	1970	56	קבע	רב-סרן	גולני	V				חילוני		ירוחם				אנגלית, מרוקנית	אופוזיציה נוכחית	כלכלי-חברתי		פריפריה		אחיו, אברהם-שלום נפל בשנת 1985 במסגרת שירותו הצבאי.		קישור	https://www.facebook.com/mmichaelbiton/	https://m.knesset.gov.il/mk/Apps/mk/mk-personal-details/1003							
אורית פרקש	ישר	5	מכהן	עו"ד, רגולטורית	תואר שני 	מנהל ציבורי	"האוורד, ארה""ב"	מדיניות ציבורית, משפט	2019	7	יו"ר רשות החשמל (2011-2015)	שירות המדינה	תחבורה ותשתיות	שותפה מנהלת בגולדפרב זליגמן 	עסקים	שוק חופשי	לשעבר שרת המדע והטכנולוגיה	"משרד החדשנות, המדע והטכנולוגיה"	V		המחנה הממלכתי - ב-2019 נבחרה כחברת כנסת מטעם מפלגת המחנה הממלכתי בראשות בני גנץ	נ	1970	56	לא שירתו בצה"ל - פטור מטעמי דת	לא שירתו בצה"ל						דתי		ירושלים				אנגלית	אופוזיציה נוכחית	כלכלי		תשתיות		עשתה שירות לאומי בבית החולים שערי צדק בירושלים.		קישור	https://www.facebook.com/mkoritf	https://m.knesset.gov.il/mk/Apps/mk/mk-personal-details/978							
אלון שוסטר	המחנה הממלכתי	6	מכהן	פעיל פוליטי	תואר ראשון	מדעי המחשב, מתמטיקה	אוניברסיטת בן גוריון	חינוך	2019	7	ראש המועצה האזורית שער הנגב (2002-2016)	שלטון מקומי		מחנך בתיכון וסגן מנהל בית ספר 	חינוך		לשעבר שר החקלאות	משרד החקלאות וביטחון המזון	V			ז	1957	69	קבע	סגן אלוף	שלדג	V				חילוני		קיבוץ מפלסים				-	אופוזיציה נוכחית	חקלאות		ביטחון		נפצע בעינו ואיבד את כושר ראייתו בה בשנת 1981 בשירותו הצבאי		קישור	https://www.facebook.com/alonschusterofficial/	https://m.knesset.gov.il/mk/Apps/mk/mk-personal-details/982							
איתן גינזבורג	המחנה הממלכתי	7	מכהן	עו"ד	תואר שני 	מדע המדינה	אוניברסיטת תל אביב	משפט	2019	7	ראש עיריית רעננה (2018), ראש העירייה הראשון מהקהילה הגאה	שלטון מקומי									העבודה - ב-2003 נבחר כחבר מועצה ברעננה מטעם מפלגת העבודה	ז	1977	49	קבע	רב-סרן	משטרה צבאית					חילוני	קהילה גאה	רעננה				ספרדית, אנגלית	אופוזיציה נוכחית					בגיל שנה וחצי עלה עם הוריו לישראל מארגנטינה.		קישור	https://www.facebook.com/EitanGinzbur	https://m.knesset.gov.il/mk/Apps/mk/mk-personal-details/981							
יעל רון בן משה	המחנה הממלכתי	8	מכהן	עובדת מדינה	תואר שני 	מדע המדינה	אוניברסיטת תל אביב	מדיניות ציבורית	2020	6	מנכ"לית אשכול רשויות גליל מערבי	שלטון מקומי	צפון הארץ									נ	1978	48	סדיר	סדיר	אין מידע					חילוני		געתון				אנגלית	אופוזיציה נוכחית					למדה באוניברסיטת הרווארד במסגרת תוכנית המנהיגות הבכירה של קרן וקסנר.		קישור	https://www.facebook.com/yaelronbenmoshe/?locale=he_IL	https://m.knesset.gov.il/mk/Apps/mk/mk-personal-details/1048							
בצלאל סמוטריץ'	הציונות הדתית	1	מכהן	עו"ד	תואר ראשון	משפטים	הקריה האקדמית אונו	משפט	2015	11	מנהלת תנועת רגבים	חברה אזרחית	מדיני ביטחוני - סיפוח והתיישבות	מייסד איגוד הישיבות הגבוהות	דת	דת ומדינה - חיזוק הממסד הדתי	שר האוצר	משרד האוצר, משרד התחבורה והבטיחות בדרכים	V			ז	1980	46	שירות מקוצר	שירות מקוצר	אין מידע			ישיבת מרכז הרב, ישיבת קדומים		דתי	מעבר לקו הירוק	קדומים				-	אופוזיציה נוכחית	כלכלי		התיישבות		מקור שם משפחתו נובע משם העיירה, סמוטריץ' באוקראינה		קישור	https://www.facebook.com/Bezazelsmotrich	https://m.knesset.gov.il/mk/Apps/mk/mk-personal-details/936							
איתמר בן גביר	עוצמה יהודית	2	מכהן	עו"ד	תואר ראשון	משפטים	הקריה האקדמית אונו	משפט	2021	5	עו"ד שייצג אנשי ימין שהואשמו בעבירות על רקע אידאולוגי	משפט	מדיני ביטחוני - סיפוח והתיישבות				השר לביטחון לאומי	המשרד לביטחון לאומי	-			ז	1976	50	לא שירתו בצה"ל - אחר				לא גויס	ישיבת הרעיון היהודי		דתי	מעבר לקו הירוק	קריית ארבע				-	קואליציה נוכחית	ביטחון פנים		משפט		בגיל 12 החל בתהליך של חזרה בתשובה.		קישור	https://www.facebook.com/ibengvir	https://m.knesset.gov.il/mk/Apps/mk/mk-personal-details/1056							
אופיר סופר	הציונות הדתית	3	מכהן	פעיל פוליטי	תואר ראשון	חינוך	אוניברסיטת חיפה	חינוך	2019	7	מזכ"ל מפלגת האיחוד הלאומי–תקומה (2014-2018)	פוליטיקה מפלגתית		מנהל פרויקטים במשרד הנגב והגליל	שלטון מקומי	פריפריה וכפר	שר העלייה והקליטה	משרד העלייה והקליטה	V			ז	1974	52	קבע	רס"ן	חרוב	V		ישיבת חברון		דתי		מושב טפחות				אנגלית, ערבית	קואליציה נוכחית	עלייה		ביטחון		ב־1996, כקצין בגדוד חרוב, חילץ פצועים מקבר יוסף ונפצע קשה; מאז סובל מפוסט־טראומה ונכה צה"ל. על אומץ ליבו קיבל צל"ש אלוף.		קישור	https://www.facebook.com/OfirSof	https://m.knesset.gov.il/mk/Apps/mk/mk-personal-details/977							
אורית סטרוק	הציונות הדתית	4	מכהן	פעילה חברתית	תיכונית			רוח וחברה אזרחית	2013	13	הקימה את "ארגון זכויות האדם ביש"ע" ועמדה בראשו בין השנים 2004–2012.	חברה אזרחית	סיפוח והתיישבות	ניהלה בהתנדבות את "שדולת ארץ ישראל" בכנסת במהלך כהונת הכנסת ה-18	פוליטיקה מפלגתית	סיפוח והתיישבות	שרת ההתיישבות	משרד ההתיישבות והמשימות הלאומיות	V			נ	1960	66	לא שירתו בצה"ל - פטור מטעמי דת							דתי	מעבר לקו הירוק	חברון				אנגלית	קואליציה נוכחית	התיישבות		משפט		לקראת הנסיגה מסיני עברו לגור בימית כדי לחזקה, ולאחר פינויה עברו להתגורר ביישוב היהודי בחברון		קישור	https://www.facebook.com/oritstrook	https://m.knesset.gov.il/mk/Apps/mk/mk-personal-details/884							
יצחק וסרלאוף	עוצמה יהודית	5	מכהן	פעיל חברתי	תיכונית			רוח וחברה אזרחית	2022	4	פעיל במאבק לגירוש המסתננים האפריקאיים מדרום תל אביב	חברה אזרחית	פריפריה חברתית	הקים את עמותת "אחיעד", הפועלת למען הקניית צביון דתי לשכונות נווה שאנן ופלורנטין באמצעות הפעלת גרעין תורני, ולמען שינוי סדר העדיפויות הלאומי כך שמשאבים רבים יותר יופנו לשכונות אלה	חברה אזרחית	חיזוק הממסד הדתי	שר הנגב והגליל והחוסן הלאומי	"משרד הנגב, הגליל והחוסן הלאומי"	V			ז	1992	34	סדיר	סדיר	גולני	V		ישיבת הסדר מעלות יעקב		דתי		תל אביב				-	קואליציה נוכחית	פריפריה		צעירים		בגיל 17 מונה לסגן יו"ר צעירי מפלגת האיחוד הלאומי.		קישור	https://www.facebook.com/vaserlof	https://m.knesset.gov.il/mk/Apps/mk/mk-personal-details/1102							
שמחה רוטמן	הציונות הדתית	6	מכהן	עו"ד	תואר שני 	משפטים	אוניברסיטת תל אביב	משפט	2021	5	הקים ב-2008 את "התנועה למשילות ודמוקרטיה" ועד 2021 היה גם היועץ המשפטי שלה	חברה אזרחית	דמוקרטיה - רפורמה משפטית מלאה	הקים משרד עורכי דין "רוטמן-לב-בינה" ועבד כשנה בתחום זכויות נפגעי טרור	משפט		יו"ר ועדת חוקה		-			ז	1980	46	סדיר	סדיר	התנדב לצה"ל ושירת 13 חודשים כמש"ק דת בבית הספר להנדסה צבאית			ישיבת תורת חיים		דתי	מעבר לקו הירוק	פני קדם				אנגלית	קואליציה נוכחית	משפט		דמוקרטיה		ב-2015 הוציא המנהל האזרחי צווי הריסה לביתו של רוטמן יחד עם בתים אחרים במקום שהוקם כמאחז. בשל הליכי ההסדרה במקום הצו לא נאכף		קישור	https://www.facebook.com/MKSimcha	https://m.knesset.gov.il/mk/Apps/mk/mk-personal-details/1067							
יואב גלנט	הליכוד	4	חוזר	ביטחון	תואר ראשון	מינהל עסקים, כלכלה	אוניברסיטת חיפה		2015	11	אלוף בצה"ל	ביטחון					כיום שר הביטחון		V		כולנו - ב-2015 נבחר כחבר כנסת מטעם כולנו בראשות כחלון	ז	1958	68	קבע	אלוף	מפקד פיקוד דרום					חילוני		עמיקם	מחוז חיפה	נפת חדרה	4	אנגלית		ביטחוני-מדיני		התיישבות		היה ראשג"ד ו' בשבט צופי רמת גן		קישור					לא הצביע				
אברהם בצלאל	פרש מהכנסת	ב-16 ביולי 2025 התפטר מהכנסת	חוזר	פעיל פוליטי	תואר ראשון	חינוך	הקריה האקדמית אונו		2022	4	סגן ראש עיר ירושלים (2018-2022)	שלטון מקומי							-			ז	1980	46	לא שירתו בצה"ל	לא שירתו בצה"ל			תלמיד ישיבה	ישיבת מיר		חרדי		ירושלים				-		חברה		קהילה				קישור		https://m.knesset.gov.il/mk/Apps/mk/mk-personal-details/1097							
ארז מלול	ש"ס	12	חוזר	עו"ד	תואר שני 	משפטים	הקריה האקדמית אונו	משפט	2023	3	ממלא מקום מנכ"ל מועצת בתי העלמין בירושלים 	דת	דת ומדינה	יועץ חקיקה לדוד אזולאי במשרד הדתות	משפט				-			ז	1980	46	לא שירתו בצה"ל	לא שירתו בצה"ל			תלמיד ישיבה	עטרת ישראל		חרדי		ירושלים				-		משפט		דת		הוסמך וזכה לתעודת 'יורה יורה'		קישור		https://m.knesset.gov.il/mk/Apps/mk/mk-personal-details/1119							
סימיון מושיאשוילי	ש"ס	13	חוזר	עו"ד	תואר ראשון	משפטים	הקריה האקדמית אונו	משפט	2023	3	חבר מועצת העיר קריית אתא	שלטון מקומי		עו"ד	משפט				-			ז	1978	48	סדיר	סדיר	חיל הים					חרדי		קרית אתא				גאורגית, אנגלית		כלכלי-חברתי		משפט		-		קישור									
קרן טרנר	בנט 26									2026														2026																															
לירן אבישר בן חורין	בנט 26									2026														2026																															
יונתן שלו										2026														2026																															